ContractID,Team,Person,ContractEnd,ContractStart,Salary
BFQ1-5110,KW-724,287-EG0-894,2023-08-13,2022-02-23,65108
5384-0436,WI-704,099-VZ2-928,2025-01-22,2021-08-21,16399
UDE7-4220,PY-241,537-OT1-130,2022-12-25,2019-06-11,40090
5HRJ-4521,FJ-273,938-II7-279,2024-07-13,2021-08-07,48760
CTMI-3128,WI-704,173-KS0-031,2022-12-28,2019-10-24,16072
3AA1-9752,PY-241,337-HW7-280,2022-06-06,2020-06-19,32177
XAG3-6449,KG-943,107-TM5-587,2025-04-27,2019-11-19,45021
EC3K-0040,YZ-552,485-NV8-595,2023-10-14,2020-09-21,62812
MA0E-2095,FO-623,497-XB8-064,2025-02-12,2020-12-06,37272
CECV-7573,NX-742,590-VF5-178,2024-07-31,2021-04-19,42538
4B78-9782,ZK-987,572-OY8-422,2025-04-30,2021-01-22,29596
Y8L9-2274,YT-531,697-XA2-935,2024-08-09,2019-12-05,42075
G8R6-5122,WI-704,533-AL3-625,2023-08-16,2021-07-20,42985
W06P-7766,TJ-663,608-OH6-957,2023-12-25,2022-04-24,10016
SO9J-5952,NX-742,667-JR2-621,2024-04-29,2021-03-04,49671
VK0H-8341,KW-724,090-PZ3-095,2022-06-10,2021-06-09,36086
ECG3-2320,YT-531,501-ZP1-300,2023-04-24,2021-09-17,62476
E91N-8947,PN-497,790-NE3-428,2022-07-08,2020-08-05,36328
ZB7Z-0244,TJ-663,195-UB7-912,2024-11-11,2020-10-23,12487
E96O-1054,FO-623,538-YZ7-985,2022-09-28,2021-02-03,35992
D7VJ-8355,EZ-769,988-PW2-894,2023-08-11,2020-09-23,11441
FNDO-7335,OF-955,405-RL2-174,2022-09-13,2021-01-31,87371
ASVB-1262,OF-955,149-KM9-902,2023-03-26,2020-01-02,43824
WRY1-1330,KG-943,012-YY9-264,2024-10-12,2020-03-25,52609
7W55-1580,YT-531,539-BR7-978,2025-04-20,2021-09-20,38905
5VS8-5732,EZ-769,853-SS3-664,2025-04-02,2022-01-23,79948
73L2-6218,EZ-769,574-SW4-081,2023-06-19,2020-12-24,38631
A5G5-3067,QL-031,421-IQ6-937,2024-01-16,2020-12-11,58332
R43I-1523,FO-623,638-BJ8-682,2023-03-03,2019-06-10,53672
2J8B-3079,JG-818,026-DV0-345,2023-02-11,2020-03-28,28573
VNC1-8636,RJ-217,447-NO6-657,2023-11-30,2019-06-13,30995
4ZN9-2320,OF-955,150-KH8-119,2025-02-28,2021-08-19,53565
KTX8-6112,YT-531,136-PX2-774,2022-09-23,2022-01-06,78107
2RK4-0214,QL-031,215-EA5-262,2024-07-04,2019-12-20,38719
ZKXD-7187,QL-031,953-WJ0-374,2023-04-12,2021-10-12,10800
BXCZ-6652,QL-031,256-JU0-898,2025-01-05,2022-03-30,97555
NVBO-7847,YT-531,948-MW0-107,2023-08-28,2020-07-21,89081
50SY-1732,FO-623,684-MS1-464,2025-03-09,2022-04-06,79293
07ET-4947,KW-724,334-NB0-937,2023-03-25,2021-05-22,16281
9EYP-6071,YZ-552,363-TK0-866,2023-07-24,2019-07-09,13899
2VXT-5283,TJ-663,447-TZ5-853,2024-06-07,2019-08-26,79521
1JBX-8484,PY-241,940-VQ7-135,2024-10-10,2021-04-27,53952
YXZJ-2283,ZK-987,336-IA7-754,2024-06-16,2020-12-27,31252
5NBS-2121,PY-241,923-NK3-296,2023-01-30,2021-08-04,34660
J9AZ-1013,FO-623,993-HY4-230,2023-06-05,2019-05-27,61367
L80Y-7331,EZ-769,423-KZ9-395,2023-05-06,2020-04-06,35802
ANH1-9153,TJ-663,858-FZ7-454,2024-05-27,2021-10-19,48175
5DE7-6175,YT-531,232-AP9-847,2024-06-21,2019-07-30,60434
KQBB-1523,YZ-552,673-CM5-760,2022-06-04,2019-10-03,89096
B66R-8215,QL-031,468-VY0-092,2025-02-25,2019-12-02,34921
CXOB-8734,NX-742,129-YV2-566,2022-08-30,2020-07-24,17172
8L59-2582,EZ-769,077-XZ2-791,2022-12-05,2021-07-11,14175
MML1-3018,TJ-663,535-EC9-841,2022-06-29,2022-01-28,92481
R24A-9541,RJ-217,206-SO6-745,2024-12-10,2022-03-01,16865
PMOP-6267,NX-742,575-MW5-996,2024-09-05,2021-10-16,18935
QL0Y-1838,ZK-987,137-VH7-094,2024-03-15,2020-09-25,57227
Q7X6-7971,OF-955,019-YA6-434,2024-09-17,2020-09-21,68213
36L3-0004,YC-315,883-NV6-347,2023-08-01,2022-03-12,15596
Q702-4803,RJ-217,953-RG3-717,2022-06-01,2019-06-28,89576
5HJ4-8562,KG-943,105-LE9-681,2023-06-13,2021-06-13,77381
D3BP-7977,OF-955,497-NN2-934,2024-05-13,2021-09-26,56331
1T4H-6475,JG-818,498-OE3-923,2023-06-26,2021-04-11,37962
8WQL-4831,PY-241,336-WJ5-355,2024-09-27,2020-10-20,12834
XV8U-7665,FO-623,885-TY9-138,2022-08-22,2021-04-19,26768
2NXT-6374,YT-531,113-FN6-163,2024-07-16,2020-07-28,77537
1XKR-7334,YC-315,235-TG9-344,2023-07-03,2021-08-06,26265
OZ8A-6892,NX-742,896-PV6-045,2025-04-19,2019-08-28,94785
P44P-2481,ZK-987,911-UZ2-387,2023-07-01,2021-11-04,82297
3YH8-6262,YT-531,573-EJ9-526,2025-03-31,2019-06-13,88870
2BGV-7467,YZ-552,350-OW8-189,2024-02-28,2021-01-20,87171
PM0U-5254,ZK-987,972-NV7-665,2024-08-22,2019-06-06,61307
2DK4-9661,FO-623,388-PF0-032,2024-04-14,2020-03-24,21088
X4B6-7401,QL-031,026-OK4-216,2024-07-16,2021-07-28,57318
JMEQ-7392,YC-315,329-IB4-438,2024-09-25,2021-04-08,57337
KY22-0883,EZ-769,797-OL2-048,2024-12-03,2020-10-06,14781
P2ZS-3136,KW-724,820-VF0-315,2023-01-01,2022-05-17,59414
58M2-6558,PY-241,202-JI2-281,2023-07-09,2021-08-15,68759
EUJM-6977,YC-315,387-VU1-537,2024-04-29,2020-08-22,86101
KJY9-5846,FO-623,929-IE3-998,2024-08-24,2020-12-06,94967
6U91-9483,ZK-987,666-LD9-468,2022-07-24,2020-08-13,53890
ZRJ7-4993,FJ-273,165-VX6-160,2023-09-01,2021-01-14,31895
WN4W-5871,KW-724,631-FG0-177,2024-02-21,2021-07-16,47075
BKU2-4196,OF-955,150-HK0-540,2023-08-26,2020-11-27,36606
TISV-5422,YT-531,121-BM3-182,2024-11-03,2020-08-09,20194
B8JO-0996,RJ-217,698-SQ6-993,2025-01-01,2020-02-09,71274
4JQE-1159,NX-742,545-UT1-058,2025-05-04,2021-01-09,28952
0J87-1640,EZ-769,675-BK0-074,2025-02-05,2022-04-24,54888
8627-5513,EZ-769,660-WB9-234,2023-11-26,2021-10-04,32825
BPC1-6848,YC-315,271-PA2-295,2022-09-06,2021-02-24,28643
0CKY-6352,WI-704,969-JJ9-407,2024-08-04,2019-07-07,83431
FVLC-8616,YT-531,466-ZP3-733,2025-02-10,2021-03-03,71479
67IJ-4563,KG-943,148-ET5-060,2025-05-03,2020-09-02,13466
QQ9R-6920,YT-531,083-BY0-556,2025-03-22,2021-09-29,92967
81M4-3786,PN-497,331-LN7-902,2022-08-26,2020-10-18,37375
4LU2-9971,QL-031,168-PW3-948,2022-08-21,2019-10-01,23677
HOUN-8832,RJ-217,219-WF6-997,2022-08-19,2022-02-16,31104
C8XU-0566,FO-623,648-XL5-837,2023-11-24,2021-05-24,62877
LGEP-8699,PY-241,807-SU7-256,2023-08-13,2021-08-20,84614
CHLT-4218,TJ-663,975-OH7-196,2022-11-02,2019-09-04,24267
ZNA0-7826,JG-818,423-WR4-647,2023-04-17,2020-03-06,11018
Z37C-4983,YT-531,261-XO4-843,2024-01-25,2020-02-20,52289
61H6-1588,JG-818,170-AS8-365,2023-03-04,2021-11-29,76501
17UZ-7972,WI-704,109-JT9-449,2024-10-04,2020-07-07,10992
EY0Z-6364,OF-955,698-TZ0-775,2024-10-04,2020-08-28,66013
FZJE-4759,FO-623,119-ER9-769,2022-07-14,2021-12-20,10703
2QUI-6532,FO-623,238-SM0-377,2022-10-25,2022-04-21,40399
KI1J-6955,TJ-663,491-VX2-917,2022-10-11,2021-08-25,81104
W6TW-2565,FJ-273,231-FW9-619,2023-09-13,2021-11-24,42978
ZIQF-1998,FJ-273,615-AS5-896,2024-07-27,2021-11-30,51489
BYAJ-5072,KG-943,441-CM4-217,2024-02-12,2020-02-23,54701
WE0L-6860,YZ-552,254-NM8-355,2024-07-13,2021-09-20,14779
8ZF4-2672,PY-241,871-AB5-477,2022-06-14,2020-11-23,44132
8KUD-9758,EZ-769,982-TF5-492,2023-08-26,2020-04-04,33249
SZYI-0429,EZ-769,827-LU5-734,2023-04-04,2019-11-20,76710
7IGQ-5638,OF-955,333-RA3-883,2024-06-05,2021-05-20,14296
4O5P-1519,YZ-552,137-JI5-502,2025-01-31,2019-11-20,75856
7M28-5381,FO-623,772-UU8-666,2023-10-22,2021-04-30,75387
AZLF-7523,FJ-273,949-QN0-142,2023-07-12,2021-06-13,17947
PUQS-4616,FO-623,505-HS9-547,2024-08-05,2020-03-29,76715
P7LC-7444,FJ-273,726-CN4-685,2024-02-17,2020-08-02,64316
XCCT-4470,NX-742,498-UG9-961,2023-02-16,2021-08-22,69773
GAEK-2314,ZK-987,951-FS1-993,2022-11-28,2021-08-10,29642
V4C5-9736,EZ-769,012-WS5-050,2022-11-19,2021-09-23,18650
PLP0-7872,JG-818,852-KN7-102,2023-08-15,2019-09-20,30335
RB3G-8070,KW-724,180-ID3-230,2022-08-29,2020-09-29,62749
M00L-4609,FJ-273,505-OR0-301,2022-10-14,2021-11-29,85765
XZTE-0363,YC-315,839-JP9-828,2024-11-20,2021-01-06,84896
TEKH-2344,ZK-987,430-WF9-896,2022-06-19,2020-06-09,56106
G3C8-1386,TJ-663,368-LR6-365,2025-02-08,2021-03-04,54821
XULM-4831,EZ-769,919-AM1-033,2023-09-09,2020-04-21,23199
PNNT-8422,PY-241,747-IG0-231,2025-02-03,2021-11-28,74412
YZVZ-2471,FO-623,083-HE7-565,2024-11-18,2019-10-10,31057
U1UT-4353,YC-315,107-DX1-283,2023-03-15,2021-12-04,61151
B15R-1838,RJ-217,664-ZP6-357,2023-03-30,2019-11-13,95806
PCDA-0639,FO-623,454-QG1-865,2023-10-27,2020-06-24,52017
J5HF-4245,WI-704,634-UD2-328,2025-03-27,2019-12-02,93594
1QZA-2796,WI-704,139-NX5-776,2025-03-24,2022-02-27,41512
X0TO-5350,KW-724,245-UT0-166,2023-01-29,2019-06-05,15456
PCFY-2625,ZK-987,961-JB4-917,2023-12-30,2021-09-01,85991
VCJL-7728,QL-031,733-ZD7-071,2024-06-29,2020-10-26,13847
YKPU-3115,YZ-552,912-BN7-696,2023-05-11,2022-01-05,68023
ZYJ1-8857,FJ-273,491-FU9-510,2025-01-28,2020-04-07,81066
2W1C-1728,KG-943,282-JJ5-864,2023-07-29,2021-06-02,36721
05EH-2447,PY-241,873-QW3-024,2024-10-13,2019-10-19,21857
CMQ5-8916,WI-704,477-VA4-962,2023-02-11,2020-08-16,73958
VW9Q-4991,PY-241,624-NI5-861,2022-07-13,2021-04-16,65508
G8C3-1516,NX-742,097-GV5-335,2023-01-21,2022-04-13,20783
EXRM-6595,FO-623,829-AT9-252,2024-03-23,2019-06-23,85183
ULRF-0006,NX-742,765-VE0-037,2023-07-15,2019-08-11,29339
PAQX-7472,YZ-552,325-JO8-424,2023-04-20,2020-06-14,55890
WW21-0791,YZ-552,999-LK9-018,2023-07-04,2021-02-19,38309
0XY9-8132,JG-818,194-VU7-870,2022-06-18,2021-09-22,13550
VZA6-0326,YC-315,217-OP6-426,2023-03-16,2022-05-06,48155
54UX-3263,FO-623,125-ZU5-652,2024-06-24,2022-01-19,85340
D46C-7447,QL-031,855-SK1-091,2025-04-16,2022-04-06,66639
RVLH-7986,RJ-217,272-YX1-017,2023-07-03,2019-08-25,16660
FSNG-4138,TJ-663,612-ND9-668,2024-06-22,2020-09-22,53912
U2V5-2106,TJ-663,099-ZX7-057,2025-03-10,2021-08-03,90359
E32Q-3039,OF-955,847-OK3-068,2024-12-12,2020-04-26,20719
T49X-3307,PY-241,669-GJ0-771,2024-08-10,2022-03-18,34645
26EY-1598,NX-742,086-EO9-108,2023-10-22,2020-11-13,73736
ZFZL-9078,JG-818,514-GT6-516,2022-12-03,2020-10-18,76154
I49I-0698,WI-704,810-EU7-341,2023-08-09,2021-09-02,33594
VJFE-5296,RJ-217,245-OQ2-889,2023-05-15,2021-01-26,68117
BWHH-6009,EZ-769,941-VZ6-355,2023-11-17,2021-01-24,47887
Q5YB-5904,TJ-663,867-KO8-972,2022-07-23,2020-06-22,83845
TDH3-0504,KW-724,979-PJ2-297,2023-10-24,2022-02-05,94858
T6XQ-2340,YZ-552,248-VK0-092,2023-04-03,2021-05-23,21780
UOVR-4073,ZK-987,884-BE6-289,2024-10-08,2021-06-28,84622
TACX-6889,YT-531,709-AP9-464,2024-06-02,2020-02-29,86405
UENU-0852,PY-241,950-YB7-788,2022-11-19,2020-02-24,78305
M9ZC-4720,KW-724,550-NN2-712,2023-05-30,2021-12-26,50222
GOCQ-0157,FO-623,670-SW2-431,2022-05-30,2020-03-17,82225
A4JO-9006,YT-531,431-IH0-842,2024-04-06,2022-05-18,74598
SH1J-7182,QL-031,348-CU6-376,2024-04-02,2021-02-03,21367
G7JD-5236,OF-955,514-PJ0-491,2023-12-27,2021-10-22,40207
SQNK-4465,JG-818,336-EQ2-023,2022-12-30,2020-04-15,21919
614J-8588,QL-031,683-ET7-415,2022-06-09,2022-05-15,81759
Z3BS-0751,TJ-663,085-XY3-095,2025-02-18,2021-11-22,19141
8AVG-5263,FJ-273,379-WJ2-076,2022-11-05,2019-07-26,84337
68RZ-0357,TJ-663,137-UH3-255,2023-08-04,2020-09-03,96743
9NT3-7710,QL-031,542-AG7-825,2023-10-25,2022-03-11,95933
FIOH-0421,KW-724,864-AL3-540,2023-04-22,2020-01-09,81139
FZWO-7279,RJ-217,300-NN0-639,2024-10-29,2020-09-08,62767
EPBH-0361,KW-724,941-AR2-289,2025-05-15,2021-10-27,51351
9F1N-8391,YT-531,821-RI9-071,2023-08-05,2020-07-17,45528
KYJJ-1266,PN-497,007-UM9-521,2024-12-16,2021-04-13,49218
WA77-6005,KG-943,182-YU8-111,2022-07-21,2021-09-04,84200
DH08-6335,YZ-552,150-KE8-944,2024-02-07,2020-10-22,46628
CLUS-3054,TJ-663,791-RR9-878,2024-01-25,2021-05-11,71186
2IEW-7182,YZ-552,158-WF6-074,2024-02-03,2021-04-30,90123
Z75Z-8309,ZK-987,283-HI8-051,2024-04-06,2021-07-22,73794
XG7Y-1935,EZ-769,808-MV9-013,2023-01-26,2020-01-17,18889
I5K5-0813,RJ-217,141-VN7-262,2024-11-02,2021-10-22,37319
RO4R-9109,FO-623,938-LR9-541,2022-10-09,2019-05-25,72871
J3BS-1102,TJ-663,121-VV3-090,2024-10-01,2020-05-14,33184
OD52-1728,PY-241,377-WK5-057,2024-08-27,2021-05-07,94094
P5CB-4400,QL-031,591-BN3-080,2024-02-04,2021-06-23,57451
61O6-6703,WI-704,036-UN8-401,2023-03-07,2021-09-03,72653
N0ZW-1891,FO-623,189-CI5-040,2023-01-07,2020-06-10,56043
1G9G-2651,ZK-987,388-SN9-224,2022-08-31,2020-04-21,91687
A5QN-6736,NX-742,320-RQ6-732,2023-08-02,2019-07-05,57089
Z0JN-3786,FO-623,502-NH5-738,2022-09-06,2020-06-12,24731
AQSB-2948,PN-497,398-DI1-648,2023-01-31,2021-07-06,47116
4FQN-5063,FO-623,291-RB2-713,2023-10-12,2020-02-06,47319
2XSW-6334,YZ-552,943-NO0-821,2024-07-05,2019-10-10,94077
SMU9-3601,ZK-987,896-KP3-983,2023-11-10,2020-08-12,45939
0WM3-2576,OF-955,696-ZO4-110,2024-08-23,2020-11-05,53444
62KN-7490,PN-497,325-TW2-554,2025-02-05,2021-08-31,81130
7GVF-3966,TJ-663,321-KQ3-280,2023-10-20,2020-11-27,88601
DG4N-7796,FO-623,960-QB7-972,2024-07-26,2021-05-28,63584
YCYA-5297,QL-031,161-XP3-564,2024-11-09,2019-06-22,74348
6Y1X-7810,FJ-273,172-NA6-376,2024-09-02,2022-01-27,99489
Y8W2-8596,YT-531,454-ES1-200,2023-02-18,2019-07-22,30019
R56E-5095,FO-623,509-TG5-593,2023-01-18,2020-10-25,29355
W05C-7119,RJ-217,502-QG2-172,2023-07-11,2019-10-08,29392
SYBP-6065,JG-818,223-JC4-074,2023-04-13,2019-07-23,37070
1WAQ-6952,OF-955,828-BO5-233,2023-08-21,2021-01-21,97911
KN1M-8285,YZ-552,047-UK8-591,2023-10-03,2019-11-22,72847
CXVH-9365,JG-818,266-DY9-216,2022-07-06,2019-10-18,51483
REFV-3131,YZ-552,782-JZ2-922,2023-12-03,2021-03-25,24323
VVQZ-0689,YC-315,606-EB2-035,2024-08-24,2020-06-19,12939
X1LQ-9493,PY-241,413-VS7-660,2023-02-20,2021-05-22,17424
W96K-2474,QL-031,716-YB3-777,2025-01-06,2021-09-23,42376
FAH2-7154,JG-818,365-LI2-338,2022-09-26,2022-01-22,18502
72S0-1801,YT-531,286-LF6-715,2023-03-10,2020-06-16,98418
GHTA-4049,PN-497,418-FJ8-073,2022-07-22,2019-07-21,49536
1XR9-3075,NX-742,797-AR8-660,2024-05-17,2019-10-23,55146
OMJO-5821,PY-241,383-IJ4-401,2023-10-11,2019-11-05,43752
PM9M-6738,TJ-663,176-KA6-944,2023-06-24,2019-09-30,81440
MMSE-2066,PN-497,054-LI7-004,2024-11-09,2021-08-20,36084
JN7X-2606,YZ-552,959-VU6-220,2022-08-17,2020-07-14,26559
CKME-7018,OF-955,968-JI1-429,2023-05-20,2020-09-22,72807
IZR5-0393,PN-497,868-QC5-585,2022-09-05,2020-01-08,94158
2175-7085,QL-031,921-VW8-179,2024-01-31,2019-05-25,82503
C9HI-2868,QL-031,919-YQ0-656,2022-08-18,2021-09-23,90092
HW76-3645,OF-955,834-MX1-990,2023-10-14,2020-12-01,66556
E57Q-5730,FJ-273,060-IK4-151,2024-03-04,2019-12-02,85652
O1RT-6984,EZ-769,657-NS3-680,2023-09-17,2021-03-15,27976
HH73-1477,OF-955,505-TW9-961,2023-07-03,2020-08-26,57308
YKJR-3142,PY-241,047-WR8-552,2024-10-03,2021-05-04,60807
5J04-9499,EZ-769,423-IF1-937,2022-11-22,2019-09-15,63206
IGIS-6473,TJ-663,610-HC0-562,2023-09-16,2021-12-11,61860
7P7V-3481,FJ-273,629-LD8-450,2024-04-01,2022-03-15,42905
YRP2-9701,RJ-217,099-OV9-601,2022-06-26,2021-05-31,99480
67R0-1155,JG-818,659-TY9-505,2022-09-30,2020-08-23,18289
AI5L-9256,KW-724,691-HS5-320,2024-05-30,2020-08-14,30065
14TI-4346,KW-724,195-XJ5-276,2023-01-28,2022-04-29,40651
S6JE-9150,KW-724,954-YH7-289,2022-11-04,2022-04-28,88396
XDUN-1792,EZ-769,413-LG8-183,2024-09-16,2019-09-25,25051
767P-3807,YZ-552,055-QD3-730,2024-09-20,2021-08-26,81139
8EDP-1550,EZ-769,465-GG6-834,2022-11-30,2022-01-13,91401
AGOH-7411,WI-704,833-EL2-143,2024-01-27,2021-09-10,33592
O7AD-8901,ZK-987,244-LC4-934,2025-05-16,2021-02-26,90946
38NC-4331,OF-955,011-BZ8-879,2022-12-13,2019-08-30,98509
CNA6-0812,PY-241,952-IY2-424,2024-10-01,2022-01-04,74861
503H-6638,WI-704,922-KL8-633,2023-03-07,2021-02-25,96597
2JTU-0691,NX-742,371-RT3-593,2022-09-21,2021-03-21,44220
12SR-8944,FO-623,346-VD3-688,2024-03-09,2020-05-05,20122
KNNA-0138,EZ-769,872-OX1-629,2023-12-02,2020-11-11,44508
LVA4-5936,EZ-769,014-KX2-244,2025-03-22,2022-03-23,74228
8CIH-3713,OF-955,435-NG5-094,2025-01-23,2022-03-24,99394
BYW7-2316,FJ-273,553-ZV6-348,2023-08-06,2020-07-01,77245
4FK4-7861,FJ-273,830-UE9-199,2024-09-19,2021-03-27,36906
G48I-9125,YZ-552,686-QW4-321,2022-07-05,2020-12-29,77402
XW1C-4374,FJ-273,978-AY3-521,2023-11-28,2021-08-18,22406
E3DL-5006,ZK-987,956-TF0-278,2023-11-12,2020-07-02,23449
1BEH-4291,PN-497,110-BX4-594,2023-06-18,2020-12-15,87538
M666-3983,YZ-552,586-AJ7-369,2024-11-02,2019-10-27,19884
M4IO-2062,OF-955,736-CY0-541,2024-04-06,2021-07-12,62776
1D02-5236,KW-724,201-AF1-433,2025-05-05,2019-05-29,83287
W9AS-1807,JG-818,408-MY3-161,2024-03-30,2019-11-12,13253
VL7C-2279,FO-623,088-RL8-495,2022-08-01,2021-10-13,60313
XIFY-8837,WI-704,623-RP1-771,2023-07-15,2022-05-15,92009
RLPM-8156,EZ-769,101-MC3-457,2023-05-14,2021-01-13,69480
205A-3050,ZK-987,739-NF8-975,2022-08-04,2021-03-31,38731
H8AI-8014,PY-241,024-QU6-234,2022-10-05,2021-05-13,72047
JVQC-6515,EZ-769,753-LI5-698,2025-02-03,2020-05-27,59149
QQ35-3872,YT-531,936-XI2-910,2023-04-18,2019-11-09,23069
BFQ9-4547,PN-497,024-AX8-067,2024-07-20,2021-02-28,36555
OOEH-4180,WI-704,992-HI9-917,2025-03-06,2020-12-14,17793
RG8N-6433,ZK-987,731-CD8-792,2024-04-06,2021-11-28,16890
C9L3-3089,YZ-552,881-OW4-709,2023-12-21,2021-09-05,68548
LD9U-7874,WI-704,784-EO3-970,2023-12-13,2021-06-04,67153
HP2W-0671,FJ-273,626-EU8-855,2022-09-26,2020-08-05,81717
86NZ-9842,YZ-552,816-SI0-037,2024-12-22,2019-05-23,20902
JK3A-9661,WI-704,528-TF7-964,2024-07-20,2019-08-07,75691
BEFP-7372,YZ-552,283-XP5-616,2025-03-29,2020-04-08,48473
WQUD-2235,YZ-552,206-YQ6-135,2023-07-26,2022-01-24,18362
7V5F-8640,QL-031,293-PP7-317,2023-07-26,2019-07-13,18011
EEJR-5308,NX-742,634-VS1-763,2023-07-09,2022-03-22,73312
VAWE-3427,QL-031,318-CE0-226,2024-11-02,2022-03-23,82066
8PL6-5954,WI-704,425-FK0-417,2024-02-16,2019-11-08,57099
SQ68-2952,FJ-273,006-VZ5-126,2025-01-30,2021-06-22,34954
319Q-9959,YZ-552,293-QD6-042,2023-05-05,2020-02-25,99807
EPCK-6923,EZ-769,111-OR3-858,2023-04-24,2021-04-04,90351
FSGC-4503,PN-497,343-QY1-413,2022-07-30,2021-05-29,68952
H55E-9358,QL-031,320-QB6-645,2025-05-20,2020-10-24,77958
XFCO-1234,RJ-217,546-MF2-654,2024-12-09,2022-02-18,53357
J3L4-6538,WI-704,899-NM7-290,2023-05-09,2019-12-06,30688
9QLJ-8114,YZ-552,615-VR4-436,2022-10-15,2022-04-09,40612
HR6V-5721,OF-955,275-SJ6-935,2022-11-27,2022-01-23,62331
DDJE-4016,WI-704,804-ZJ9-908,2025-04-17,2021-03-22,77310
WT1G-2448,WI-704,014-UU4-981,2022-11-11,2021-12-10,40410
AJZS-3460,PY-241,595-IJ0-154,2025-02-03,2020-06-16,49122
OYUI-6939,NX-742,496-IJ0-685,2022-12-28,2022-05-13,89427
EHZR-6483,WI-704,511-ZM0-851,2023-05-13,2021-02-13,85360
A6QA-7136,FO-623,187-IK8-270,2025-04-11,2021-02-24,74040
CF17-3186,YZ-552,669-IG8-537,2023-01-29,2021-11-01,74358
T6T9-7070,TJ-663,817-JL5-663,2023-05-19,2021-05-12,36058
C47L-4484,EZ-769,431-MA1-397,2024-12-21,2021-07-07,62487
LTTW-2811,YZ-552,487-PN8-685,2023-03-15,2021-12-12,30731
OR7Q-0517,ZK-987,217-AF2-956,2025-04-17,2019-12-30,48313
3JQJ-4820,YC-315,906-NK0-372,2023-07-03,2019-12-14,21219
TY4O-2707,KW-724,812-VH7-619,2022-06-17,2020-02-21,74592
PC5M-5165,FO-623,675-JF6-980,2025-02-07,2020-04-05,74481
T585-6853,PY-241,100-SK6-561,2024-05-31,2022-04-01,69539
M3WD-5416,YZ-552,282-AE1-498,2023-01-03,2021-03-01,24478
YSBC-2619,PN-497,929-OP6-561,2023-06-22,2022-03-29,38277
YM97-0076,YC-315,494-KK3-479,2025-05-20,2019-09-29,87781
LR06-2477,YZ-552,138-MB4-664,2022-08-16,2021-10-20,72506
RMMF-1108,EZ-769,189-HN4-014,2023-03-02,2021-09-12,56832
PXC3-3671,FO-623,779-RX3-252,2022-07-26,2020-11-23,65153
O37R-7559,NX-742,574-NW9-821,2024-08-03,2022-05-17,51935
34ZJ-6642,QL-031,065-NL5-886,2023-03-02,2021-03-11,32250
6JVG-0395,RJ-217,670-OJ8-421,2022-07-28,2019-07-25,22265
A0KM-6744,FO-623,824-XA8-283,2023-07-02,2019-12-04,60603
V96Z-4150,KG-943,922-WB0-616,2022-06-04,2019-07-11,93010
NPXH-7258,YT-531,335-HF1-289,2024-04-30,2021-08-14,28546
Q78R-3102,YZ-552,140-HH7-061,2024-01-07,2020-10-06,39628
XC68-6587,NX-742,331-BK3-901,2022-12-28,2019-06-21,68440
LT9S-4299,NX-742,657-FV3-319,2024-01-31,2020-01-27,57631
UZYA-6355,OF-955,144-PU7-987,2024-09-26,2021-07-31,14291
MZ3D-6794,KG-943,984-NJ8-256,2024-06-06,2020-07-10,98413
0VQL-9202,WI-704,449-FV4-087,2022-07-10,2021-08-05,56032
J67T-0486,NX-742,642-AE1-323,2025-04-06,2022-02-17,80609
3VAP-5569,OF-955,716-OI6-500,2024-10-09,2020-06-06,99310
MKTI-0513,OF-955,787-ED5-558,2023-05-07,2020-03-09,29784
EUTZ-8517,QL-031,902-FU9-556,2023-04-24,2021-08-09,50716
J8PY-2757,WI-704,381-UZ3-413,2025-04-08,2022-01-17,60847
GPHQ-1965,YT-531,478-EO8-271,2024-04-05,2021-03-24,35474
Y2SV-3799,YC-315,835-SA6-519,2023-03-30,2020-01-08,44931
4XZA-0289,YC-315,080-WF3-784,2022-11-13,2022-02-06,41782
5FAM-2962,QL-031,791-CC3-355,2025-04-23,2021-09-22,37912
T8CZ-3308,ZK-987,815-UI9-718,2023-03-10,2021-01-20,69685
G5JN-5978,JG-818,628-TI8-442,2024-05-03,2022-04-21,92567
RXLY-0120,RJ-217,262-XN6-196,2025-05-07,2019-08-04,95308
5XJR-4879,YT-531,749-GR1-967,2023-06-12,2019-08-14,77561
QB26-4541,QL-031,560-WX2-970,2025-02-06,2021-10-03,19163
28JH-1744,FO-623,844-HR8-474,2024-10-26,2020-05-26,66391
MVET-6661,PY-241,014-JL4-950,2024-02-03,2019-09-28,68197
NNJP-2570,JG-818,935-CX7-430,2024-12-02,2021-10-21,59261
KLQ3-3117,EZ-769,984-UG7-447,2023-03-29,2020-03-07,59721
QXNV-7678,ZK-987,514-QG1-158,2022-12-02,2021-05-06,93569
TMYS-7316,PN-497,604-OY4-366,2024-08-12,2021-07-07,43362
99XB-7728,EZ-769,348-XC2-517,2023-02-20,2021-09-09,17660
2XDS-7998,ZK-987,034-WC5-074,2023-01-28,2020-06-29,42288
EUM0-1425,FJ-273,191-FJ8-789,2023-04-20,2022-03-14,32056
JK27-6746,FO-623,696-FE9-401,2024-01-11,2020-08-13,23117
TTJC-6878,YT-531,333-VJ7-526,2024-09-09,2020-03-02,43929
PPWO-0226,RJ-217,522-VO5-997,2024-07-11,2021-06-04,20890
83LY-5396,PN-497,710-HW4-386,2024-08-18,2021-12-18,50609
6Z0V-2969,OF-955,012-ZU3-400,2023-10-25,2021-01-20,69631
WIZE-9040,RJ-217,200-GA5-049,2023-07-29,2022-04-08,85676
N5YB-6155,FJ-273,192-JU6-441,2022-10-25,2020-02-05,81235
3F66-0056,YZ-552,872-RX5-279,2025-04-21,2020-06-14,97756
CF8X-4380,YZ-552,594-EJ5-595,2022-12-11,2019-10-30,36557
7AQ2-6232,ZK-987,258-AM1-124,2024-07-03,2021-09-02,13949
X4GG-6043,PN-497,722-OC1-212,2025-04-13,2020-04-05,34345
B8R6-6355,ZK-987,468-YG0-237,2024-03-25,2020-03-03,69238
3FPT-2988,NX-742,804-TQ8-265,2025-02-26,2020-01-17,55438
Q32B-1176,KW-724,744-UC5-294,2025-01-02,2021-06-14,16105
PNAS-8762,FO-623,133-RY3-592,2024-05-31,2020-04-08,28383
ONF0-1472,KW-724,558-JQ9-618,2022-07-16,2019-09-09,42655
ICGN-3777,KG-943,159-YG8-249,2024-04-12,2021-12-28,55561
1VDW-1232,QL-031,953-QW3-358,2022-10-22,2019-11-25,71807
7H57-6822,PY-241,963-AI0-699,2023-02-08,2021-04-01,73993
YVDN-4306,OF-955,539-HX8-812,2023-04-28,2019-08-19,17711
669D-9232,OF-955,355-OQ8-095,2023-01-09,2021-01-07,21668
02Q0-8515,NX-742,069-NT1-373,2024-06-25,2020-09-04,72972
NUO4-4033,OF-955,741-JR1-170,2024-04-26,2022-02-21,70283
ZG9D-8355,OF-955,044-WA8-698,2022-09-12,2021-04-01,45725
CUOD-8074,WI-704,243-DF2-146,2024-10-21,2021-03-01,65894
C6PB-5682,OF-955,082-QM7-074,2024-08-26,2019-08-02,86599
CKKE-0740,OF-955,120-TI6-067,2024-01-15,2019-11-08,39478
U2FJ-0707,TJ-663,028-DO7-673,2022-06-23,2022-04-06,58566
UXG7-1007,RJ-217,059-MN3-221,2024-03-06,2019-06-04,30679
LRIB-0115,WI-704,769-CN5-989,2024-09-10,2022-04-05,88166
RWZI-9418,ZK-987,627-QQ3-829,2024-10-04,2020-04-07,69956
5L6Q-1033,PY-241,103-CX5-828,2022-09-14,2020-02-22,99876
T0E8-1998,YC-315,812-XN4-041,2023-08-01,2020-03-02,36636
XO2L-7956,EZ-769,551-QV3-794,2023-08-20,2019-06-09,67460
RIE4-6351,QL-031,525-OA0-067,2023-08-22,2020-04-22,12403
1PIR-1861,KG-943,535-HE1-868,2022-08-03,2020-04-21,57322
K9RK-8385,QL-031,327-DU5-540,2024-03-02,2021-06-04,57853
OH5T-2279,WI-704,153-KG8-424,2023-07-30,2021-02-03,16163
GK24-6111,YC-315,826-GV2-942,2023-07-17,2021-07-28,26232
PCRU-7281,KW-724,593-YU5-326,2023-10-03,2020-03-12,22649
B4PZ-9578,NX-742,832-IX7-797,2025-05-07,2021-03-09,57092
1CR0-1204,RJ-217,384-UE2-094,2022-08-19,2020-06-05,37886
6D9I-1028,TJ-663,432-OX3-136,2022-07-06,2020-02-05,26048
KPQN-1516,TJ-663,152-EI9-519,2022-07-22,2020-12-29,97440
E70P-2328,FO-623,436-PW9-977,2025-04-14,2020-06-18,88281
WHMF-0964,NX-742,292-UP5-090,2023-12-03,2021-02-19,71145
6Z9H-2115,YT-531,404-DQ1-490,2023-08-16,2021-09-20,44587
4DFO-1012,YZ-552,910-YR6-460,2022-12-08,2021-04-02,18145
7C4S-5652,FO-623,637-GL2-625,2022-11-06,2019-08-28,84816
O8ES-9376,ZK-987,426-BI1-016,2024-02-02,2021-02-12,86258
8IQG-2621,RJ-217,825-GM8-781,2023-10-30,2020-06-26,13172
6OYY-0853,PY-241,891-MJ6-927,2023-10-13,2019-07-08,85832
9QAY-6091,WI-704,204-FY0-534,2023-10-02,2020-10-06,33157
AUIC-9646,YZ-552,869-TI0-022,2022-10-05,2022-03-11,29842
SOES-4614,TJ-663,701-XY4-752,2025-02-17,2020-04-03,90026
HNTU-7421,ZK-987,224-LY0-771,2024-02-27,2020-08-03,71442
U8WW-1110,WI-704,360-SO8-715,2023-03-25,2019-09-27,48377
PRN3-9000,FJ-273,623-KU3-022,2023-04-09,2019-07-05,25155
ATAY-3527,QL-031,016-RG4-301,2023-02-24,2019-11-20,92249
XZZ1-4394,PN-497,824-TJ0-535,2023-05-26,2020-12-19,43103
RP9K-4018,TJ-663,460-ZO5-330,2024-08-13,2019-08-09,30753
EVL2-5276,KW-724,228-VZ3-304,2023-12-03,2020-01-31,90076
4T0T-8079,PN-497,952-MX3-032,2023-11-21,2020-09-01,92401
G63F-7164,EZ-769,914-AK0-458,2023-05-21,2020-08-19,86306
DEHD-8678,FO-623,116-OX3-868,2023-02-28,2021-03-08,62942
59QY-2519,YT-531,352-UD4-696,2025-03-25,2019-08-20,68007
C11O-9956,TJ-663,341-YK7-000,2024-08-20,2019-10-13,69741
7QJ1-3418,KG-943,600-CX7-347,2022-07-23,2021-02-06,23651
CNP3-6465,FJ-273,312-AY7-621,2024-09-02,2021-06-15,62478
VOPK-7074,ZK-987,731-TV2-319,2022-12-22,2020-10-04,68034
ST4N-8303,WI-704,586-DE0-357,2025-01-27,2020-07-12,44230
KMWD-0673,YZ-552,745-MH4-613,2025-03-08,2020-12-01,48056
GWYS-5515,KW-724,903-DT2-718,2025-01-31,2021-06-21,94714
QDDR-3215,EZ-769,405-FW6-393,2024-10-02,2020-03-27,25586
INDY-1645,OF-955,365-SM6-485,2024-10-23,2019-09-23,82608
0GDW-4067,OF-955,903-SB6-702,2023-04-09,2019-07-24,86761
MB4L-7930,KW-724,088-BL3-266,2023-07-24,2021-02-13,46874
S7BE-3148,FO-623,058-DF5-292,2023-11-30,2019-08-09,81216
2L5B-4640,NX-742,552-RR4-694,2025-02-19,2019-07-11,96491
5PR7-9574,RJ-217,174-XZ6-336,2022-08-14,2019-10-09,60808
AT32-9716,YT-531,607-BC8-667,2022-12-13,2022-01-24,45781
NOKY-2149,NX-742,658-ND8-204,2024-05-04,2021-01-25,61381
XAL8-8256,YZ-552,440-ET2-007,2022-07-02,2019-10-22,67170
XS4W-2017,ZK-987,062-CS4-959,2024-07-18,2020-05-12,16522
226N-6708,YZ-552,539-NL2-025,2023-11-22,2020-12-29,99523
QZ8Y-6511,FO-623,733-VL6-624,2024-06-03,2022-05-17,10483
ETNS-3012,KW-724,953-GL2-590,2025-01-19,2020-10-08,42530
FHWM-1983,JG-818,642-MJ2-853,2023-05-03,2020-01-05,94180
YHGQ-9342,FO-623,218-ZN7-080,2024-08-02,2021-03-06,85732
9PUX-5044,ZK-987,395-NV3-151,2022-12-05,2021-07-06,65435
UTSK-2359,ZK-987,350-YR1-055,2024-09-27,2020-11-24,64420
8V3W-9968,KG-943,701-BP4-630,2022-07-07,2020-05-12,47124
ZA9Q-5021,KG-943,136-GD8-793,2023-05-28,2021-05-02,92165
Q5O7-7535,YZ-552,368-IH9-819,2023-10-25,2020-01-25,87528
EBYG-6760,KG-943,534-SJ7-875,2023-11-09,2020-08-08,76367
FF5Q-7736,FO-623,411-AN0-577,2024-03-21,2019-09-01,78107
JFVD-7248,TJ-663,921-EM9-358,2023-08-27,2020-07-29,32057
BPLY-4714,EZ-769,859-LT3-351,2024-09-18,2021-12-03,86292
1QIU-4795,WI-704,438-DC3-279,2025-04-08,2022-02-13,95500
FBOA-8611,KG-943,714-WD6-521,2024-03-21,2020-04-23,98113
WWIV-4230,YZ-552,448-EB2-841,2022-10-16,2019-08-07,84391
ZEYW-3165,EZ-769,833-JE6-498,2024-09-22,2021-04-16,66965
0B2P-6322,QL-031,827-GV7-975,2024-03-26,2021-04-21,40275
HBW2-5947,YT-531,681-UB5-864,2022-09-18,2019-09-02,50032
E98E-9628,PN-497,800-PS1-664,2023-10-31,2020-07-09,21670
BXEC-5038,WI-704,006-QQ8-675,2023-04-25,2021-07-02,87916
CQ3J-7948,PY-241,609-NV5-568,2023-06-23,2020-08-13,78578
D95U-7112,QL-031,402-PA0-919,2023-11-26,2021-09-07,39073
B5R0-3624,RJ-217,732-SP3-196,2023-04-14,2020-05-05,76845
P14C-9377,EZ-769,263-AM9-640,2024-05-05,2022-04-06,15201
9QX8-5471,TJ-663,814-UP6-154,2023-05-23,2021-12-27,39735
AWGM-5333,OF-955,616-OX0-391,2023-08-30,2020-09-02,81794
I4CH-3887,FO-623,045-WC0-663,2024-02-09,2021-06-09,20520
CI9C-1083,PY-241,349-ZS4-480,2024-09-04,2021-01-21,50646
E55V-8914,KG-943,389-TV3-712,2023-09-11,2021-10-03,67614
CUYA-9885,KW-724,986-AC2-192,2024-05-23,2020-02-17,82916
UQAM-3934,JG-818,746-UX6-775,2025-01-13,2020-05-08,31400
Q3T0-5701,YT-531,522-FB0-823,2022-12-02,2022-05-19,99074
FEG7-1121,FO-623,092-ZC7-872,2023-08-11,2021-05-17,77704
8OKO-1655,YZ-552,532-UJ7-423,2023-07-24,2019-07-01,95325
4LOE-3228,PY-241,485-WG3-142,2025-01-19,2022-04-28,53431
1NHT-7280,OF-955,533-DQ0-800,2022-06-05,2021-10-17,67177
RF5S-6817,RJ-217,926-DF2-236,2024-06-21,2021-09-30,10313
LT6L-1635,EZ-769,191-HV7-763,2024-07-25,2021-01-03,26243
OKAV-8852,KW-724,040-SB7-452,2025-01-31,2020-05-31,62773
2WUY-5354,YC-315,998-GJ1-000,2024-04-01,2021-09-08,70019
ART1-8035,FO-623,148-PI6-650,2023-09-26,2019-08-11,73484
07JP-7474,YT-531,015-BC0-803,2025-02-04,2021-09-14,28345
542K-5041,PN-497,113-GZ4-130,2024-10-01,2019-09-22,47250
KIRI-6739,KW-724,685-WC9-242,2023-05-06,2021-07-14,13010
37I6-0740,FJ-273,822-DT3-551,2023-11-13,2022-02-12,74478
9IJC-6511,OF-955,695-RR6-086,2025-03-22,2020-07-08,56651
1E6F-3961,FO-623,215-GR9-117,2024-07-07,2021-06-21,33677
5UJY-9462,KG-943,446-EF8-853,2022-06-03,2019-07-16,38290
T748-6623,KG-943,151-XY5-350,2023-09-21,2022-03-14,58218
45CV-1787,RJ-217,025-QD3-620,2024-03-18,2021-04-09,16844
8X1K-3707,YZ-552,989-RA5-873,2022-11-25,2022-05-21,39046
U2MG-6590,NX-742,720-LV5-882,2023-11-11,2020-06-02,56520
NEEX-3184,WI-704,150-SD6-747,2022-08-25,2020-07-12,75856
R4B8-1093,YZ-552,455-VI3-553,2024-02-03,2022-03-26,61281
YYEY-9099,WI-704,925-OL3-134,2023-04-16,2020-04-30,72273
ZO5G-3113,FO-623,943-RR0-343,2023-03-06,2020-06-03,14616
79L9-5816,YT-531,JJJG-922,2025-04-14,2020-06-21,74951
R243-0858,NX-742,SQUB-386,2024-12-04,2020-04-15,98227
FJPR-4793,YZ-552,KVCQ-688,2024-12-02,2022-03-17,96709
NVKJ-6397,PY-241,SEZD-480,2023-10-06,2021-05-08,68854
N48N-8217,FO-623,IPPQ-325,2023-03-18,2020-08-15,40267
SWJM-5405,OF-955,IGWI-431,2023-03-06,2020-07-27,90889
JCII-5033,KW-724,BLHU-754,2023-06-18,2022-04-24,39573
22TO-9280,RJ-217,AWBO-247,2022-12-20,2020-03-29,72516
0JXQ-1773,PN-497,CVHA-420,2024-07-30,2022-03-22,35791
TAF8-0436,YC-315,OJKP-141,2022-07-28,2020-04-25,60004
GCLS-1476,ZK-987,RRQV-282,2023-12-26,2020-06-28,68332
HJFP-0168,KG-943,TBWM-740,2024-11-09,2022-03-31,50235
YY7X-0165,EZ-769,BTXV-614,2022-08-02,2020-01-15,46633
1ZP8-5584,TJ-663,DJNT-962,2022-11-11,2021-03-20,18819
BP49-2247,FJ-273,HTSR-062,2024-03-02,2022-01-07,34135
L811-7133,QL-031,XIEA-809,2023-02-10,2022-03-21,50711
QE29-3713,WI-704,JWNX-275,2022-10-15,2020-05-03,38190
9QGA-4146,JG-818,NAAJ-455,2024-09-27,2021-10-30,75578
VE62-2924,YC-315,NVWZ-929,2020-02-27,2022-10-02,27879
5YKW-8011,PY-241,VELB-451,2020-12-16,2022-09-21,44418
81JL-8930,WI-704,GOSC-513,2020-12-28,2023-01-31,56881
QN16-2134,FO-623,AIRM-084,2019-08-15,2023-02-17,76828
61AJ-7476,RJ-217,NOLV-864,2019-11-22,2025-03-10,69767
HASW-0593,ZK-987,SSYW-096,2021-09-21,2023-10-09,50682
MF9Y-4964,EZ-769,XZCY-912,2020-02-09,2023-05-23,49324
TP0S-6402,PN-497,UIJY-863,2019-12-27,2024-03-24,38850
W2UV-1387,JG-818,GFRP-361,2019-09-06,2022-10-05,19153
BY20-1763,OF-955,BPQK-308,2021-06-09,2023-02-15,47013
51XR-4132,KG-943,RJBZ-784,2021-04-14,2023-11-21,24871
D8QN-3446,NX-742,VHIR-010,2020-05-12,2025-01-18,97580
YXFQ-1435,YT-531,IZHQ-092,2022-01-15,2022-10-13,10678
HH6X-1359,QL-031,KPUV-949,2021-05-14,2024-05-10,90973
JH6N-3470,YZ-552,SGCJ-248,2022-01-10,2025-05-19,44677
PWZU-3156,FJ-273,HETH-998,2020-05-14,2022-12-31,38679
TL04-5130,TJ-663,UXWQ-236,2021-04-28,2024-01-21,23475
J7WX-8842,KW-724,OBWP-363,2021-04-17,2023-05-25,40169
